product_code,brand_name,original_language,original_name,product_name_en,product_name_zh,product_type,country_of_origin,net_quantity,quantity_unit,sku,barcode,skin_types,skin_concerns,key_ingredients,ingredients_inci,claims,description_en,description_zh,how_to_use_en,how_to_use_zh,warnings_en,warnings_zh,image_urls,status,compliance_status,canadian_label_status,cosmetic_notification_status,compliance_notes,suggested_price,suggested_price_currency,suggested_price_status,suggested_price_note
MASK-MEDIHEAL-6E878F26,Mediheal,en,MEDIHEAL Retinol Collagen Eye Ampoule Patch 60pcs,MEDIHEAL Retinol Collagen Eye Ampoule Patch 60pcs,Mediheal  Retinol Collagen Eye Ampoule Patch 60pcs,Eye Mask,KR,60,pc,MASK-MEDIHEAL-RETINOL-COLLAGEN-NA-60PC,8809936740200,,,,,,"Skin Concerns:
Fine lines, wrinkles, loss of elasticity around the eyes

Key Benefits:
Reduces signs of aging, firms and hydrates the eye area.",,"Apply the patches under the eyes on clean, dry skin. Leave on for 20-30 minutes, then gently remove. Pat any remaining serum into the skin until fully absorbed. Use as needed, recommended 2-3 times a week.",,,,,imported,pending,pending,pending,Awaiting supplier confirmation and Canadian review.,22.99,CAD,pending,Kiokii CAD price captured for review; verify against current supplier pricing.
MASK-MEDIHEAL-3C3944C6,Mediheal,en,MEDIHEAL Vita Collagen Eye Ampoule Patch 60pcs,MEDIHEAL Vita Collagen Eye Ampoule Patch 60pcs,Mediheal  Vita Collagen Eye Ampoule Patch 60pcs,Eye Mask,KR,60,pc,MASK-MEDIHEAL-VITA-COLLAGEN-NA-60PC,8809936741436,,,,,,"Skin Concerns:
Fine lines, wrinkles, loss of elasticity around the eyes

Key Benefits:
Reduces signs of aging, firms and hydrates the eye area.",,"Attach the patch on areas of concern due to blemishes and low elasticity for 20–30 minutes. Then, remove the patch and lightly pat the ampoule for absorption.",,,,,imported,pending,pending,pending,Awaiting supplier confirmation and Canadian review.,22.99,CAD,pending,Kiokii CAD price captured for review; verify against current supplier pricing.
MASK-ABIB-E9524FB0,Abib,en,Abib Collagen Eye Patch Jericho Rose Jelly 60pcs,Abib Collagen Eye Patch Jericho Rose Jelly 60pcs,Abib  Collagen 眼膜 Jericho Rose Jelly 60pcs,Eye Mask,KR,60,pc,MASK-ABIB-COLLAGEN-JERICHO-ROSE-60PC,8809864768123,,,,,,"Skin Concerns:
Reduces fine lines and wrinkles.
Hydrates and refreshes tired under-eye skin.

Key Benefits: These eye patches deliver intense hydration and firming benefits, reducing signs of aging and leaving the under-eye area looking refreshed and youthful.",,"Apply patches to clean, dry under-eye area and leave on for 20-30 minutes. Remove and gently pat in any remaining essence.
Caution for use

1. Stop using the product if redness, swelling, irritation, or rash occurs when skin is exposed to direct sunlight; if symptoms persist, consult a doctor.
2. Do not use on wounds or other infected areas.
3. Handling and storage

A) Keep out of reach of children. B) Keep out of direct sunlight.",,,,,imported,pending,pending,pending,Awaiting supplier confirmation and Canadian review.,25.99,CAD,pending,Kiokii CAD price captured for review; verify against current supplier pricing.
MASK-KAO-11F34459,Kao,en,Kao New Steam Eye Mask 12pcs,Kao New Steam Eye Mask 12pcs,Kao  New Steam 眼膜 12pcs,Eye Mask,JP,12,pc,MASK-KAO-STEAM-NA-12PC,4901301460547,,,,,,"The Kao New Steam Eye Mask gently envelopes your eyes and the surrounding area with a generous shower of warm steam. This comforting steam bath helps to release the tension accumulated throughout the day, providing a deeply relaxing experience. Each mask heats up upon opening, making it convenient and ready to use. The soft and fluffy material fits closely to your eye area, whether you are sitting up or lying down. These masks are perfect for use before bedtime, during travel, or while relaxing at home.

Key Benefits:

Provides a soothing steam bath for the eyes at approximately 40°C

Helps to relieve and relax strained eyes

Easy to use, self-heating upon opening

Comfortable fit, suitable for use while sitting or lying down

Comes in various scents for different relaxation needs

Available Scents:

Lavender

Chamomile

Citrus

Rose

Unscented",,"Remove the eye mask from its pouch

Place the white side of the mask on your eyes, fitting the notch over your nose

Tear along the perforation to set the ear straps in place

Close your eyes and enjoy the warm steam for 10-20 minutes",,,,,imported,pending,pending,pending,Awaiting supplier confirmation and Canadian review.,17.99,CAD,pending,Kiokii CAD price captured for review; verify against current supplier pricing.
MASK-GOODAL-E4D52458,Goodal,en,Goodal Green Tangerine Vita C Dark Spot Care Eye Patch Alpha 60pcs,Goodal Green Tangerine Vita C Dark Spot Care Eye Patch Alpha 60pcs,Goodal  Green Tangerine Vita C Dark Spot Care 眼膜 Alpha 60pcs,Eye Mask,KR,60,pc,MASK-GOODAL-TANGERINE-VITA-GREEN-60PC,8800290363975,,,,,,"Key Features :
Hydrogel design ensures a snug fit and allows deep serum penetration
Infused with Green Tangerine Vita C Dark Spot Serum essence
Helps diminish dark circles, reduce puffiness, smooth fine lines, and deliver hydration and radiance
Each application recommended for 20–30 minutes
Skin irritation tested",,"Remove the patch from the jar and place it around the eye area on clean, dry skin.
Leave it on for 20–30 minutes.
After removal, gently pat the remaining serum into the skin.
Do not rinse off.
Do not reuse the patch.",,"For external use only.
Perform a patch test before first use; discontinue if irritation occurs.
Keep out of reach of children.",,,imported,pending,pending,pending,Awaiting supplier confirmation and Canadian review.,19.99,CAD,pending,Kiokii CAD price captured for review; verify against current supplier pricing.
MASK-BEAUTY-OF-JOSEON-9998FA9E,Beauty of Joseon,en,Beauty Of Joseon Revive Under Eye Patch Ginseng + Retinal 60pcs,Beauty Of Joseon Revive Under Eye Patch Ginseng + Retinal 60pcs,Beauty of Joseon    Revive 眼膜 Ginseng + Retinal 60pcs,Eye Mask,KR,60,pc,MASK-BEAUTY-OF-JOSEON-REVIVE-GINSENG-NA-60PC,8809968132523,,,,,,"Skin Concerns:Dullness and dark circles,

Appearance of fine lines and ""crow's feet"",

Loss of visible elasticity,

Puffy or tired-looking eyes,

Dehydration and rough texture
Key Benefits:
Synergistic Revitalization: Harnesses Ginseng and Retinal to improve the visible texture and bounce of the skin.
Targeted Brightening: Helps even out skin tone and reduce the look of shadows under the eyes.
Instant Cooling & Soothing: The hydrogel material adheres perfectly, providing a refreshing sensation that helps minimize the look of morning puffiness.
Deep Moisture Infusion: Delivers concentrated essence to plump the skin's surface, softening the look of dry lines.
Stable Delivery: Formulated to be gentle yet effective for the sensitive eye area, promoting a smoother, more radiant appearance.",,"After cleansing and toning, use the spatula to gently lift and separate two patches.
Apply the patches onto the under-eye area, ensuring they adhere flat against the skin.
Leave on for 15 to 20 minutes.
Remove the patches and gently pat the remaining essence into the skin. Do not rinse. As this product contains Retinal, it is recommended for evening use; if used during the day, always follow with SPF.",,"For external use only. Patch testing is always recommended. Discontinue use immediately if you experience any discomfort or irritation. Avoid contact with eyes. If contact occurs, rinse thoroughly with water. Keep out of reach of children.",,,imported,pending,pending,pending,Awaiting supplier confirmation and Canadian review.,25.99,CAD,pending,Kiokii CAD price captured for review; verify against current supplier pricing.
MASK-ABIB-D2E6C8D1,Abib,en,Abib PDRN Retinal Eye Patch Glow Jelly (60ea) 84g,Abib PDRN Retinal Eye Patch Glow Jelly (60ea) 84g,Abib  PDRN Retinal 眼膜 Glow Jelly (60ea) 84g,Eye Mask,KR,60,pc,MASK-ABIB-PDRN-RETINAL-NA-60PC,8800280692283,,,,,,"Skin Concerns:	•	Dullness and lack of radiance around the eyes

•	Fine lines and loss of firmness

•	Tired, puffy under-eye area
Key Benefits:
Brightening Effect: With niacinamide and supporting ingredients, these patches help enhance skin radiance and improve the look of dull or uneven tone around the eyes.
Refreshing & De-puffing: Caffeine provides a cooling and energizing touch that helps refresh the under-eye area, giving it a more awake appearance.
Youthful Look: Retinal and PDRN contribute to a smoother, revitalized look by improving the overall appearance of fine lines.
Hydration & Firmness: Collagen, sodium hyaluronate, and the jelly-like texture deliver a burst of moisture that leaves skin looking plump and supple.
Soothing Comfort: Enriched with Centella Asiatica and botanical extracts, the patches help calm and comfort delicate skin for a relaxed finish.",,"After cleansing and toning, use the spatula to apply patches under the eyes.
Leave on for 10–20 minutes.
Remove and gently pat in remaining essence.
Can also be applied to smile lines or forehead for extra care.",,"For external use only. Patch testing is always recommended. Discontinue use immediately if you experience any discomfort or irritation. Avoid contact with eyes. If contact occurs, rinse thoroughly with water. Keep out of reach of children.",,,imported,pending,pending,pending,Awaiting supplier confirmation and Canadian review.,25.99,CAD,pending,Kiokii CAD price captured for review; verify against current supplier pricing.
MASK-COSRX-3685B592,COSRX,en,COSRX Advanced Snail Hydrogel Eye Patch 90g,COSRX Advanced Snail Hydrogel Eye Patch 90g,COSRX  Advanced Snail Hydrogel 眼膜 90g,Eye Mask,KR,90,g,MASK-COSRX-SNAIL-NA-90G,8809598452305,,,,,,"Skin Concerns：

1.Appearance of Puffiness: Suitable for those looking to diminish the appearance of puffiness, particularly around the eyes, for a more refreshed look.

2.Uneven Skin Tone: Helps those who wish to improve the look of uneven skin tone, contributing to a more even and vibrant skin appearance.

3.Texture Concerns: Ideal for individuals who want to enhance the feel and appearance of their skin's texture, making it feel smoother and more refined.
Key Benefits：
Hydrating and Nourishing: Enriched with snail secretion filtrate, this patch delivers hydration and nourishment to the skin, promoting a plumper look.
Depuffing: Ideal for reducing the appearance of puffiness around the eyes, giving a refreshed look.
Brightening Influence: Contains niacinamide, known for its properties that can contribute to a more even skin tone and improved skin texture, providing a refreshed appearance.",,"Apply the patch to clean, dry skin around the eyes, mouth, or any area of concern.
Leave on for 5-20 minutes, making it a convenient addition to your daily routine, even when multi-tasking.
Remove and gently pat any remaining essence into the skin for full absorption.
Skincare Tip:

For an extra soothing effect, refrigerate the patches before use to help combat morning puffiness and dryness.

For external use only: Do not apply to eyes or broken skin. If contact occurs, rinse thoroughly with water.

Discontinue use if irritation or redness occurs: If irritation persists, consult a healthcare professional.

Keep out of reach of children: Store in a cool, dry place away from direct sunlight.",,,,,imported,pending,pending,pending,Awaiting supplier confirmation and Canadian review.,31.99,CAD,pending,Kiokii CAD price captured for review; verify against current supplier pricing.
MASK-MEDIHEAL-0A68A553,Mediheal,en,MEDIHEAL N.M.F Aquaring Gel Eye Patch 5pcs,MEDIHEAL N.M.F Aquaring Gel Eye Patch 5pcs,Mediheal  N.M.F Aquaring Gel 眼膜 5pcs,Eye Mask,KR,5,pc,MASK-MEDIHEAL-N-M-NA-5PC,8809261552905,,,,,,"Skin Concerns:
Dryness, puffiness, dark circles, fine lines

Key Benefits:
Deeply hydrates, reduces puffiness and dark circles, and improves skin elasticity.",,"After cleansing and toning, apply the mask onto the face, leaving it on for 10-20 minutes. Gently pat remaining essence for absorption.",,,,,imported,pending,pending,pending,Awaiting supplier confirmation and Canadian review.,10.99,CAD,pending,Kiokii CAD price captured for review; verify against current supplier pricing.
MASK-KSECRET-C182A100,KSECRET,en,KSECRET Eye Gel Patches Instant Relief 60pcs (CAFFEINE),KSECRET Eye Gel Patches Instant Relief 60pcs (CAFFEINE),KSECRET  Eye Gel Patches Instant Relief 60pcs (CAFFEINE),Eye Mask,KR,60,pc,MASK-KSECRET-PATCHES-INSTANT-NA-60PC,8809695240188,,,,,,"Skin Concerns:
Dullness
Tired appearance
Lack of hydration in the eye area

Key Benefits:
Refreshes the under-eye area with a cooling hydrogel texture
Supports a more awake and revitalized look
Enhances skin’s natural glow with gentle hydration",,"Apply to clean, dry skin after toner.
Place patches under the eyes or on areas needing extra care.
Leave on for 20–30 minutes, then gently pat in any remaining essence.
Use daily or as needed.",,"Discontinue use if irritation occurs. If redness, itching, burning, or swelling develops, stop using the product and consult a doctor.
Keep out of reach of children.
For Sensitive Skin: Perform a patch test on a small area of your inner arm before using this product on your entire face.",,,imported,pending,pending,pending,Awaiting supplier confirmation and Canadian review.,24.99,CAD,pending,Kiokii CAD price captured for review; verify against current supplier pricing.
MASK-KSECRET-79E0B5F7,KSECRET,en,KSECRET Eye Gel Patches Advanced Regenerating 60pcs (Retinol),KSECRET Eye Gel Patches Advanced Regenerating 60pcs (Retinol),KSECRET  Eye Gel Patches Advanced Regenerating 60pcs (Retinol),Eye Mask,KR,60,pc,MASK-KSECRET-PATCHES-REGENERATING-NA-60PC,8809695240195,,,,,,"Skin Concerns:
Fine lines
Wrinkles
Dullness
Dehydration
Loss of firmness

Key Benefits：
Helps smooth and soften the look of fine lines and expression wrinkles
Visibly improves elasticity and firmness around the eyes and smile lines
Brightens and revitalizes tired-looking skin
Delivers a cooling, refreshing sensation for instant comfort",,"Use after toner.
Apply the larger patches to under-eye areas and smaller patches to areas like smile lines or forehead.
Leave on for 20–30 minutes, then remove and pat in the remaining essence.
Use consistently for best results.",,"Discontinue use if irritation occurs. If redness, itching, burning, or swelling develops, stop using the product and consult a doctor.
Keep out of reach of children.
For Sensitive Skin: Perform a patch test on a small area of your inner arm before using this product on your entire face.",,,imported,pending,pending,pending,Awaiting supplier confirmation and Canadian review.,24.99,CAD,pending,Kiokii CAD price captured for review; verify against current supplier pricing.
MASK-BIODANCE-A37F0B4D,Biodance,en,Biodance Caviar PDRN Eye Patches 60pc,Biodance Caviar PDRN Eye Patches 60pc,Biodance  Caviar PDRN Eye Patches 60pc,Eye Mask,KR,60,pc,MASK-BIODANCE-CAVIAR-PDRN-NA-60PC,8809891186631,,,,,,"Skin Concerns:
Fine lines and wrinkles
Loss of firmness
Under-eye dryness
Dull-looking skin
Tired-looking eye area

Key Benefits:
Helps deeply hydrate the under-eye area
Helps improve the appearance of skin elasticity
Nourishes and smooths delicate skin
Helps reduce the appearance of fine lines
Cooling hydrogel patches adhere comfortably to skin",,"Cleanse and dry your skin.
Use the included spatula to remove the patches.
Apply one patch under each eye or on areas of concern.
Leave on for 20–30 minutes.
Remove and gently pat in the remaining essence.",,"External use only. Avoid contact with eyes.
Discontinue use if irritation occurs.
Keep out of reach of children.
For Sensitive Skin: Perform a patch test on a small area before use.",,,imported,pending,pending,pending,Awaiting supplier confirmation and Canadian review.,29.99,CAD,pending,Kiokii CAD price captured for review; verify against current supplier pricing.
MASK-KSECRET-638FBDC5,KSECRET,en,KSECRET Eye Gel Patches Extra Illuminating 60pcs,KSECRET Eye Gel Patches Extra Illuminating 60pcs,KSECRET  Eye Gel Patches Extra Illuminating 60pcs,Eye Mask,KR,60,pc,MASK-KSECRET-PATCHES-EXTRA-NA-60PC,8809695240201,,,,,,"Skin Concerns:
Dullness
Dark circles
Uneven skin tone
Dehydrated eye area

Key Benefits:
Visibly brightens and refreshes the under-eye area for a more radiant appearance
Provides hydration and softens the look of dryness and fine lines
Soothes and revitalizes tired, puffy eyes with a cooling effect",,"Apply to clean, toned skin.
Use the spatula to apply the patches under the eyes or on other areas of concern.
Leave on for 20–30 minutes.
Remove and gently pat in remaining essence.
Store in a cool place for an enhanced refreshing effect.",,"Discontinue use if irritation occurs. If redness, itching, burning, or swelling develops, stop using the product and consult a doctor.
Keep out of reach of children.
For Sensitive Skin: Perform a patch test on a small area of your inner arm before using this product on your entire face.",,,imported,pending,pending,pending,Awaiting supplier confirmation and Canadian review.,24.99,CAD,pending,Kiokii CAD price captured for review; verify against current supplier pricing.
MASK-NUMBUZIN-0175E300,numbuzin,en,numbuzin No.9 NAD+ Collagen Under Eye Patches 5pc,numbuzin No.9 NAD+ Collagen Under Eye Patches 5pc,numbuzin  No.9 NAD+ Collagen Under Eye Patches 5pc,Eye Mask,KR,5,pc,MASK-NUMBUZIN-NO-NAD-NA-5PC,8809652589619,,,,,,"Skin Concerns: 	•	Dark circles and dullness

•	Puffiness under the eyes

•	Fine lines and tired-looking skin

•	Loss of bounce in the delicate eye area
Key Benefits:
Cooling Hydrogel Care – Soothes and refreshes with a comfortable fit.
Hydration & Smoothness – Collagen and peptides help soften the look of fine lines.
Brightening Support – Niacinamide improves radiance and evens tone.
De-Puffing Effect – Caffeine refreshes and reduces visible swelling.
Versatile Use – Can also be applied to smile lines or forehead creases.",,"After cleansing and toning, apply a pair of patches under the eyes, positioning the narrow end toward the inner corner. Leave on for 20 minutes or longer, then remove and gently pat in any remaining essence. Can also be left on overnight for enhanced care.",,"For external use only. Patch testing is always recommended. Discontinue use immediately if you experience any discomfort or irritation. Avoid contact with eyes. If contact occurs, rinse thoroughly with water. Keep out of reach of children.",,,imported,pending,pending,pending,Awaiting supplier confirmation and Canadian review.,22.99,CAD,pending,Kiokii CAD price captured for review; verify against current supplier pricing.
MASK-COSRX-5DF48F97,COSRX,en,COSRX The Peptide Collagen Hydrogel Eye Patch 60 patches,COSRX The Peptide Collagen Hydrogel Eye Patch 60 patches,COSRX  The Peptide Collagen Hydrogel 眼膜 60 patches,Eye Mask,KR,60,pc,MASK-COSRX-PEPTIDE-COLLAGEN-NA-60PC,8809598456983,,,,,,"Skin Concerns：
Key Benefits：",,,,"Discontinue use if irritation occurs. If redness, itching, burning, or swelling develops, stop using the product and consult a doctor.

Keep out of reach of children.
For Sensitive Skin: Perform a patch test on a small area of your inner arm before using this product on your entire face.",,,imported,pending,pending,pending,Awaiting supplier confirmation and Canadian review.,26.99,CAD,pending,Kiokii CAD price captured for review; verify against current supplier pricing.
MASK-ANUA-A3A458A2,Anua,en,Anua Green Lemon Vita C Blemish Serum Mask 25ml,Anua Green Lemon Vita C Blemish Serum Mask 25ml,Anua  Green Lemon Vita C Blemish Serum 眼膜 25ml,Eye Mask,KR,25,ml,MASK-ANUA-LEMON-VITA-GREEN-25ML,8809640733628,,,,,,"Skin Concerns:

Reduces blemishes and dark spots.
Improves overall skin tone and texture.

Key Benefits:
This mask provides a concentrated dose of Vitamin C and Green Lemon extract, effectively combating blemishes and dark spots while promoting a more radiant complexion.",,"Apply the mask to cleansed skin, leave on for 15-20 minutes, then remove and gently massage any remaining serum into the skin.

Use 2-3 times a week for best results.",,,,,imported,pending,pending,pending,Awaiting supplier confirmation and Canadian review.,6.99,CAD,pending,Kiokii CAD price captured for review; verify against current supplier pricing.
MASK-KAO-C4D2DA0E,Kao,en,KAO Steam Eye Mask 12pcs 2025 12pcs,KAO Steam Eye Mask 12pcs 2025 12pcs,Kao  Steam 眼膜 12pcs 2025 12pcs,Eye Mask,JP,12,pc,MASK-KAO-STEAM-NA-12PC-02,4901301455277,,,,,,"Eye Concerns
Eye fatigue and digital eye strain
General stress and tension
Difficulty relaxing before sleep

Key Benefits
Deep Relaxation: Provides a soothing ""Forest Bath"" sensory experience to calm the mind.
Self-Heating Technology: Automatically warms up upon opening, reaching a comfortable 40°C.
Moisturizing Steam: The gentle steam helps to soothe the eye area through hydration.
Comfortable Fit: Features ultra-thin material and soft ear straps that adapt to any face shape.",,"Remove the eye mask from the pouch. The mask will begin to warm up immediately once opened.
Tear along the perforation and place the ear straps around your eyes.
Place the white side of the mask over your eyes with the notched edge facing down.
Relax for approximately 20 minutes while the heat lasts. Dispose of after a single use.",,"For external use only. Do not use with other eye masks or eye products. If you have an eye disease, inflammation, wound, swelling, or eczema around the eyes, consult a doctor before use. Discontinue use immediately if you experience excessive heat, pain, or physical discomfort. Keep out of reach of children.",,,imported,pending,pending,pending,Awaiting supplier confirmation and Canadian review.,17.99,CAD,pending,Kiokii CAD price captured for review; verify against current supplier pricing.
MASK-DR-MELAXIN-933335C6,Dr.Melaxin,en,Dr.Melaxin Cemenrete Calcium Volume Eye Patch 60ea,Dr.Melaxin Cemenrete Calcium Volume Eye Patch 60ea,Dr.Melaxin  Cemenrete Calcium Volume 眼膜 60ea,Eye Mask,KR,60,pc,MASK-DR-MELAXIN-CEMENRETE-CALCIUM-NA-60PC,8809886481666,,,,,,"Skin Concerns：	•	Dryness and dullness around the eyes

•	Loss of firmness

•	Tired or uneven-looking under-eye skin

Key Benefits：
Delivers moisture and nourishment to delicate skin areas
Helps the eye area appear brighter and more refined
Provides a cooling and calming effect with a secure hydrogel fit
Multipurpose for use around the eyes, smile lines, or forehead",,"Use the spatula to apply patches under the eyes or on areas needing extra care. Leave on for 20–30 minutes, then remove and pat in remaining essence. Follow with your regular eye cream and moisturizer.",,"Discontinue use if irritation occurs. If redness, itching, burning, or swelling develops, stop using the product and consult a doctor.

Keep out of reach of children.
For Sensitive Skin: Perform a patch test on a small area of your inner arm before using this product on your entire face.",,,imported,pending,pending,pending,Awaiting supplier confirmation and Canadian review.,39.99,CAD,pending,Kiokii CAD price captured for review; verify against current supplier pricing.
MASK-BIODANCE-4D1D0394,Biodance,en,Biodance Collagen Peptide Eye Patches 60pc,Biodance Collagen Peptide Eye Patches 60pc,Biodance  Collagen Peptide Eye Patches 60pc,Eye Mask,KR,60,pc,MASK-BIODANCE-COLLAGEN-PEPTIDE-NA-60PC,8809891186655,,,,,,"Skin Concerns:
Fine lines and wrinkles
Loss of firmness
Under-eye puffiness
Dryness and dehydration
Dull-looking skin

Key Benefits:
Helps hydrate and plump the under-eye area
Helps improve the appearance of fine lines and wrinkles
Helps reduce the look of puffiness and eye bags
Supports smoother and firmer-looking skin
Cooling hydrogel texture adheres comfortably to the skin",,"Cleanse and dry your skin.
Use the included spatula to remove the patches.
Apply one patch under each eye or on areas of concern.
Leave on for 20–30 minutes.
Remove and gently pat in the remaining essence.",,"External use only. Avoid contact with eyes.
Discontinue use if irritation occurs.
Keep out of reach of children.
For Sensitive Skin: Perform a patch test on a small area before use.",,,imported,pending,pending,pending,Awaiting supplier confirmation and Canadian review.,29.99,CAD,pending,Kiokii CAD price captured for review; verify against current supplier pricing.
MASK-VELLA-0F1B5807,VELLA,en,VELLA PDRN 2000 Peptide Firming Eye Patch (60 Pieces),VELLA PDRN 2000 Peptide Firming Eye Patch (60 Pieces),VELLA  PDRN 2000 Peptide Firming 眼膜 (60 Pieces),Eye Mask,KR,60,pc,MASK-VELLA-PDRN-PEPTIDE-NA-60PC,8809378622386,,,,,,"Skin Concerns: Dryness, Loss of Firmness, Dullness
Key Benefits:
Boosts Hydration: PDRN and hydrating agents help improve moisture retention for plumper, smoother skin. :contentReference[oaicite:1]{index=1}
Supports Elasticity: Peptides and PDRN are known to help with signs of aging by supporting skin’s natural elasticity. :contentReference[oaicite:2]{index=2}
Improves Comfort & Resilience: Lightweight serum texture absorbs quickly to help strengthen and calm the skin barrier. :contentReference[oaicite:3]{index=3}",,"After cleansing and toner, dispense a few drops of the serum onto your fingertips.
Gently smooth the serum over your face and neck in upward motions, avoiding eyes.
Allow it to absorb for a few minutes before layering moisturizer or SPF.
Use morning and evening as part of your regular skincare routine.",,"For external use only. Avoid direct contact with eyes. If contact occurs, rinse thoroughly with water. Discontinue use if irritation develops. Keep out of reach of children.",,,imported,pending,pending,pending,Awaiting supplier confirmation and Canadian review.,22.99,CAD,pending,Kiokii CAD price captured for review; verify against current supplier pricing.
MASK-COSRX-DEFD6C5F,COSRX,en,COSRX 5 PDRN Collagen Vitalizing Hydrogel Eye Patch 60pcs,COSRX 5 PDRN Collagen Vitalizing Hydrogel Eye Patch 60pcs,COSRX  5 PDRN Collagen Vitalizing Hydrogel 眼膜 60pcs,Eye Mask,KR,60,pc,MASK-COSRX-PDRN-COLLAGEN-NA-60PC,8800311121058,,,,,,"Skin Concerns:
Dullness and dark circles
Puffiness around the eyes
Fine lines and dryness
Loss of visible elasticity

Key Benefits:
Revitalizes Appearance: Refreshes the look of tired eyes and improves overall radiance.
Intense Hydration: Deeply moisturizes the skin to smooth the look of fine lines caused by dehydration.
Visibly Firms: Enhances the appearance of skin resilience and targets sagging in the under-eye area.
Cooling & Soothing: Provides a physical cooling effect that helps reduce the look of puffiness.",,"Usage:
After cleansing, use the included spatula to gently lift and separate a hydrogel patch.
Apply onto the clean, dry under-eye area or any area where extra care is needed (such as smile lines).
Leave on for 20–30 minutes to allow the essence to absorb.
Remove the patches and gently pat the remaining essence into the skin until fully absorbed.",,,,,imported,pending,pending,pending,Awaiting supplier confirmation and Canadian review.,32.99,CAD,pending,Kiokii CAD price captured for review; verify against current supplier pricing.
MASK-CENTELLIAN24-AE015214,Centellian24,en,Centellian24 360 Shot PDRN Glowing Eye Patch 6 Pairs,Centellian24 360 Shot PDRN Glowing Eye Patch 6 Pairs,Centellian24  360 Shot PDRN Glowing 眼膜 6 Pairs,Eye Mask,KR,6,pc,MASK-CENTELLIAN24-SHOT-PDRN-NA-6PC,8806109107594,,,,,,"Skin Concerns:Dullness and loss of radiance,

Appearance of fine lines around the eyes,

Tired-looking, ""sunken"" eye contours,

Rough skin texture and dryness,

Puffy appearance due to lack of moisture
Key Benefits:
Instant Glow Boost: Specially formulated to provide a ""glass-skin"" glow to the under-eye area, making eyes look instantly more awake.
Texture Smoothing: Helps smooth the appearance of uneven skin texture and fine dry lines through intensive hydration.
Revitalizing Care: Features Vegan PDRN to help improve the skin’s visible vitality and bounce without irritation.
360-Degree Fit: The ergonomic patch design covers the entire under-eye and ""C-zone"" area, ensuring maximum delivery of the active essence.
Cooling & Soothing: Provides a refreshing sensation upon application, helping to soothe the delicate skin surface.",,"After cleansing and toning, remove the patches from the pouch.
Apply the patches under the eyes, ensuring the curved side fits comfortably against the lower lash line.
Leave on for 10 to 20 minutes.
Remove the patches and gently tap the remaining essence into the skin until absorbed. Follow with an eye cream to lock in the glow.",,"For external use only. Patch testing is always recommended. Discontinue use immediately if you experience any discomfort or irritation. Avoid contact with eyes. If contact occurs, rinse thoroughly with water. Keep out of reach of children.",,,imported,pending,pending,pending,Awaiting supplier confirmation and Canadian review.,23.99,CAD,pending,Kiokii CAD price captured for review; verify against current supplier pricing.
MASK-QUALITY-1ST-70554A15,Quality 1st,en,QUALITY 1ST Derma Laser Eye Sheet Super VC Retinol 10pcs,QUALITY 1ST Derma Laser Eye Sheet Super VC Retinol 10pcs,Quality 1st   Derma Laser Eye Sheet Super VC Retinol 10pcs,Eye Mask,JP,10,pc,MASK-QUALITY-1ST-DERMA-LASER-NA-10PC,4560401461825,,,,,,"Skin Concerns:Dark circles and dullness，

Fine lines and ""crow's feet""，

Loss of elasticity and sagging，

Dehydration and rough texture
Key Benefits:
Triple-Threat Brightening: Combines multiple forms of Vitamin C to reduce the look of dullness and even out skin tone around the eyes.
Age-Defying Firmness: Infused with Retinol to help minimize the appearance of fine lines and improve the visible texture of the skin.
Advanced Delivery System: Features Nanocapsule technology that ensures ingredients are delivered efficiently to the skin's surface for maximum impact.
Superior Adhesion: The high-quality sheet material fits the contoured eye area perfectly, ensuring every inch receives the essence.
Quick & Intensive: Delivers noticeable results in just 3 minutes, making it perfect for both morning prep and evening recovery.",,"After cleansing and toning, use the included tweezers to take out one pair of eye sheets.
Align the sheets under each eye and press gently to ensure good contact with the skin.
Leave on for 3 minutes (or up to 10 minutes if you have extra dry skin).
Remove the sheets and gently pat the remaining essence into the skin until fully absorbed. Follow with your favorite eye cream.",,"For external use only. Patch testing is always recommended. Discontinue use immediately if you experience any discomfort or irritation. Avoid contact with eyes. If contact occurs, rinse thoroughly with water. Keep out of reach of children.",,,imported,pending,pending,pending,Awaiting supplier confirmation and Canadian review.,12.99,CAD,pending,Kiokii CAD price captured for review; verify against current supplier pricing.
MASK-PUREDERM-E6B5C3B9,PUREDERM,en,PUREDERM Vegan Under Eye Mask Collagen 30 sheets,PUREDERM Vegan Under Eye Mask Collagen 30 sheets,PUREDERM  Vegan Under 眼膜 Collagen 30 sheets,Eye Mask,KR,30,pc,MASK-PUREDERM-VEGAN-COLLAGEN-NA-30PC,8809541199523,,,,,,"Skin Concerns:
Dryness and loss of elasticity around the eyes
Signs of fatigue and stress

Key Benefits:
Helps skin look more toned and smooth
Provides exceptional softness and hydration
Helps diminish the appearance of signs of aging",,"After cleansing, remove moisture and apply the patches under the eyes, ensuring good contact with the skin.
Leave on for 10–20 minutes, then remove.
After use, reseal the zipper bag to keep the remaining masks fresh.",,"External use only.
Discontinue use if irritation occurs.
Keep out of reach of children.
For Sensitive Skin: Perform a patch test on a small area before use.",,,imported,pending,pending,pending,Awaiting supplier confirmation and Canadian review.,4.99,CAD,pending,Kiokii CAD price captured for review; verify against current supplier pricing.
MASK-D-ALBA-BBF8400B,d'Alba,en,dAlba White Truffle Intensive The Real Eye Patch 90g,dAlba White Truffle Intensive The Real Eye Patch 90g,d'Alba dAlba White Truffle Intensive The Real 眼膜 90g,Eye Mask,KR,90,g,MASK-D-ALBA-DALBA-TRUFFLE-WHITE-90G,8809738594612,,,,,,"Skin Concerns:Dryness, puffiness, dullness, fine lines, and uneven tone around the eyes.

Key Benefits:
Intensely hydrates and refreshes the delicate under-eye area
Visibly reduces puffiness for a well-rested look
Helps brighten the appearance of dark circles and uneven tone
Smooths and softens the look of fine lines
Cooling hydrogel texture soothes tired eyes and adheres comfortably",,"Use the included spatula to lift one pair of patches. Apply under the eyes or on targeted areas such as smile lines. Leave on for 20–30 minutes, then remove and gently pat in any remaining essence. Use 2–3 times weekly or as needed. For an extra cooling effect, store in the refrigerator.",,"For external use only. Patch testing is always recommended. Discontinue use immediately if you experience any discomfort or irritation. Avoid contact with eyes. If contact occurs, rinse thoroughly with water. Keep out of reach of children.",,,imported,pending,pending,pending,Awaiting supplier confirmation and Canadian review.,57.99,CAD,pending,Kiokii CAD price captured for review; verify against current supplier pricing.
MASK-DR-MELAXIN-3C72B9C5,Dr.Melaxin,en,Dr.Melaxin Cemenrete Calcium Volume Eye Patch 60 pcs (Clearance),Dr.Melaxin Cemenrete Calcium Volume Eye Patch 60 pcs (Clearance),Dr.Melaxin  Cemenrete Calcium Volume 眼膜 60 pcs (Clearance),Eye Mask,KR,60,pc,8809886481666-Clearance,,,,,,,"Skin Concerns:
Dryness and dullness around the eyes
Loss of firmness
Tired or uneven-looking under-eye skin

Key Benefits:
Delivers moisture and nourishment to delicate skin areas
Helps the eye area appear brighter and more refined
Provides a cooling and calming effect with a secure hydrogel fit
Multipurpose for use around the eyes, smile lines, or forehead",,"Use the spatula to apply patches under the eyes or on areas needing extra care.
Leave on for 20–30 minutes, then remove and pat in remaining essence.
Follow with your regular eye cream and moisturizer.",,"Discontinue use if irritation occurs. If redness, itching, burning, or swelling develops, stop using the product and consult a doctor.
Keep out of reach of children.
For Sensitive Skin: Perform a patch test on a small area of your inner arm before using this product on your entire face.",,,imported,pending,pending,pending,Awaiting supplier confirmation and Canadian review.,31.99,CAD,pending,Kiokii CAD price captured for review; verify against current supplier pricing.
